{
  "accuracy": 0.98875,
  "precision_weighted": 0.9889058651477833,
  "recall_weighted": 0.98875,
  "f1_weighted": 0.9886258262239884,
  "classification_report": {
    "benign": {
      "precision": 1.0,
      "recall": 0.9435382685069009,
      "f1-score": 0.9709489993544222,
      "support": 797.0
    },
    "malicious": {
      "precision": 0.9861453201970444,
      "recall": 1.0,
      "f1-score": 0.9930243373120446,
      "support": 3203.0
    },
    "accuracy": 0.98875,
    "macro avg": {
      "precision": 0.9930726600985222,
      "recall": 0.9717691342534505,
      "f1-score": 0.9819866683332334,
      "support": 4000.0
    },
    "weighted avg": {
      "precision": 0.9889058651477833,
      "recall": 0.98875,
      "f1-score": 0.9886258262239884,
      "support": 4000.0
    }
  }
}