{
  "selected_model": "random_forest",
  "selected_model_cv_f1_weighted": 0.9891478328373415,
  "cv_results": {
    "random_forest": {
      "cv_f1_weighted_mean": 0.9891478328373415,
      "cv_f1_weighted_scores": [
        0.9886399697107631,
        0.9927624807320583,
        0.9870499773124597,
        0.9899087183761027,
        0.9873780180553234
      ]
    },
    "decision_tree": {
      "cv_f1_weighted_mean": 0.988765798260417,
      "cv_f1_weighted_scores": [
        0.9886399697107631,
        0.9927624807320583,
        0.9867299351574417,
        0.9892780132746091,
        0.9864185924272126
      ]
    },
    "logistic_regression": {
      "cv_f1_weighted_mean": 0.9827974682519244,
      "cv_f1_weighted_scores": [
        0.9848627703122388,
        0.9864773080646859,
        0.980447744986642,
        0.9823946890075383,
        0.9798048288885174
      ]
    }
  }
}